{"cameraMode":{"drawMode":0,"name":"Shaded","section":"Shading Mode"},"sceneLighting":true,"audioPlay":false,"sceneViewState":{"showFog":true,"showMaterialUpdate":true,"showSkybox":true,"showFlares":true,"showImageEffects":true,"showParticleSystems":true},"in2DMode":false,"pivot":{"x":-10.420000076293946,"y":2.742476463317871,"z":0.965449869632721},"rotation":{"x":-0.16344913840293885,"y":0.272737979888916,"z":-0.04336809739470482,"w":-0.947627067565918},"size":10.480389595031739,"orthographic":false}